customer_id,lead_id,customer_name,signup_date,region,industry,channel,rep_id,customer_status
1,2,Cooper PLC,2024-09-14,South,Education,Webinar,12,Active
2,5,"Macdonald, Clay and Vincent",2025-04-14,East,Education,Webinar,9,Active
3,12,"Terrell, Kerr and Shannon",2024-11-12,West,Finance,LinkedIn Ads,8,Inactive
4,16,Conner Group,2025-07-02,North,Retail,Webinar,1,Active
5,21,"Curry, Rosales and Hunter",2024-04-11,South,Healthcare,Paid Search,6,Inactive
6,28,Johnson Inc,2024-01-25,South,Retail,LinkedIn Ads,6,Active
7,29,"Evans, Vance and Mcdowell",2024-09-06,East,Manufacturing,Referral,9,Active
8,33,"Stewart, Hartman and Smith",2025-09-03,North,Education,Referral,4,Active
9,35,"Walker, Williams and Robertson",2025-01-17,North,Education,Webinar,4,Active
10,40,"Molina, Rivera and Oneal",2024-10-12,West,Healthcare,Webinar,8,Active
11,46,Gomez LLC,2025-03-19,West,Manufacturing,Webinar,8,Active
12,50,"Mitchell, Smith and Harris",2024-02-25,South,Technology,Webinar,12,Active
13,54,"Lester, Rogers and Robles",2025-09-12,North,Technology,Organic Search,3,Active
14,58,Lee-Howard,2025-12-21,East,Education,Webinar,11,Active
15,63,Reeves Ltd,2025-08-17,North,Technology,Paid Search,7,Inactive
16,65,"Gardner, Norton and Watson",2025-12-02,South,Retail,LinkedIn Ads,10,Active
17,66,"Murray, Rivera and Rose",2024-06-11,South,Manufacturing,Organic Search,10,Churned
18,70,Richardson and Sons,2025-10-17,South,Finance,Paid Search,12,Inactive
19,71,"Reynolds, Graves and Patel",2024-01-27,South,Retail,Webinar,12,Inactive
20,79,Ayala Inc,2025-01-03,North,Education,Referral,1,Active
21,81,Parker and Sons,2024-07-22,North,Healthcare,Organic Search,3,Active
22,82,"Kaufman, Ellis and Lynch",2025-01-17,North,Education,Webinar,4,Inactive
23,84,Wilson Ltd,2025-02-06,North,Education,Paid Search,4,Active
24,85,"Gentry, Aguilar and Davis",2024-08-15,North,Education,LinkedIn Ads,7,Inactive
25,86,Baker-Smith,2024-12-07,East,Retail,Referral,11,Active
26,88,Whitaker-Carlson,2024-10-30,North,Finance,Organic Search,4,Active
27,91,"Freeman, Smith and Bridges",2024-08-03,West,Finance,LinkedIn Ads,8,Active
28,92,Yu-Allen,2024-05-12,North,Finance,Paid Search,5,Active
29,93,Carlson-Weeks,2025-04-09,West,Technology,Webinar,8,Active
30,94,Mckee-Mcneil,2025-02-14,East,Retail,Organic Search,11,Active
31,95,"Hardin, Miller and Fletcher",2024-03-20,South,Healthcare,Paid Search,10,Active
32,96,"Hale, Evans and Stephens",2025-07-21,South,Manufacturing,LinkedIn Ads,10,Active
33,108,Ramirez LLC,2025-11-21,East,Finance,Webinar,9,Active
34,109,Wolf-Stafford,2024-09-28,West,Retail,Organic Search,8,Inactive
35,111,Williams-Abbott,2025-10-02,North,Healthcare,Webinar,5,Active
36,112,Smith PLC,2025-03-22,South,Technology,Organic Search,12,Churned
37,114,Harris-Patel,2024-07-02,South,Healthcare,Paid Search,6,Inactive
38,119,Orozco-Johnson,2025-05-13,North,Manufacturing,Webinar,4,Active
39,120,Hicks Inc,2025-03-22,East,Technology,Webinar,9,Churned
40,121,Farrell Inc,2024-07-11,North,Education,Webinar,4,Active
41,122,Fields PLC,2024-10-22,West,Manufacturing,Webinar,8,Active
42,123,"Shaw, Henderson and Chavez",2025-07-07,East,Retail,Webinar,9,Active
43,124,"Brown, King and Atkins",2025-04-22,East,Finance,Paid Search,9,Active
44,129,Mcfarland and Sons,2024-09-02,East,Education,Webinar,11,Active
45,131,Burch-Pena,2025-05-21,North,Finance,Organic Search,4,Churned
46,132,Blankenship Group,2025-02-09,South,Education,Organic Search,10,Inactive
47,133,Nolan LLC,2025-07-31,North,Retail,Organic Search,1,Active
48,136,Edwards Group,2024-07-16,South,Retail,Organic Search,6,Active
49,143,Gutierrez-Martin,2024-02-10,South,Healthcare,Organic Search,10,Active
50,144,Cantu-Adkins,2024-08-20,North,Manufacturing,Webinar,7,Active
51,153,"Mitchell, Tucker and Reyes",2025-09-30,North,Manufacturing,Webinar,1,Active
52,154,Jones-Hanson,2024-05-17,South,Finance,Webinar,12,Active
53,155,Torres PLC,2024-05-22,North,Technology,LinkedIn Ads,3,Inactive
54,156,Waters PLC,2024-12-24,North,Manufacturing,Webinar,4,Active
55,158,"Rojas, Herring and Garza",2025-04-09,North,Healthcare,Webinar,5,Inactive
56,160,Moore-Williams,2025-03-25,South,Technology,LinkedIn Ads,10,Active
57,164,Marks PLC,2024-10-24,North,Retail,Organic Search,7,Inactive
58,165,"Francis, Ortega and Fisher",2025-08-30,East,Education,Webinar,11,Active
59,168,Harris Ltd,2024-11-16,North,Manufacturing,LinkedIn Ads,3,Active
60,171,Mejia Group,2024-09-27,South,Manufacturing,Webinar,10,Inactive
61,172,Hopkins-Khan,2025-05-14,South,Healthcare,LinkedIn Ads,2,Active
62,176,Ellis-Johnston,2025-01-02,South,Education,Webinar,10,Inactive
63,185,Garner-Dunn,2025-11-11,South,Education,LinkedIn Ads,12,Active
64,196,"Dillon, Vincent and Alexander",2024-08-29,North,Finance,Organic Search,7,Churned
65,202,Rivera-Thompson,2025-09-27,South,Retail,LinkedIn Ads,2,Active
66,204,Harmon LLC,2024-10-09,South,Healthcare,Organic Search,2,Churned
67,205,White LLC,2024-06-30,South,Technology,LinkedIn Ads,2,Active
68,206,"Taylor, Jordan and Benjamin",2024-11-12,North,Education,Paid Search,3,Active
69,209,Perry-Bruce,2024-03-02,South,Manufacturing,Organic Search,2,Active
70,210,Turner PLC,2025-10-01,South,Healthcare,Paid Search,12,Inactive
71,211,Owens-Sanchez,2025-12-25,South,Technology,Webinar,2,Active
72,214,Hood PLC,2025-07-04,North,Finance,Webinar,1,Active
73,219,"Little, Castro and Stevenson",2025-02-22,West,Technology,Webinar,8,Active
74,222,Bennett-Ortega,2024-01-10,North,Technology,Webinar,5,Active
75,223,"Cole, Moore and Thomas",2025-03-24,North,Technology,Organic Search,7,Active
76,224,Collins PLC,2025-10-26,West,Manufacturing,Paid Search,8,Active
77,226,Spencer PLC,2024-11-09,South,Manufacturing,Paid Search,6,Churned
78,228,Stewart-Peters,2024-10-02,South,Finance,Webinar,10,Active
79,229,Nguyen-Walters,2024-02-24,South,Healthcare,Webinar,2,Active
80,232,Hammond PLC,2025-06-20,West,Education,Paid Search,8,Active
81,235,Lambert-Lewis,2024-06-25,East,Finance,LinkedIn Ads,9,Active
82,240,Martin Inc,2025-08-23,East,Education,Webinar,11,Churned
83,241,Patel-Armstrong,2024-12-27,North,Manufacturing,Webinar,7,Active
84,246,Alvarez Group,2025-09-25,South,Healthcare,LinkedIn Ads,2,Active
85,247,"French, Perry and Ortiz",2024-05-04,North,Education,Webinar,1,Inactive
86,251,Johnston Inc,2024-12-23,South,Technology,Webinar,2,Active
87,253,Jones LLC,2024-03-22,South,Retail,Webinar,12,Active
88,257,"Luna, Mcguire and Anderson",2024-02-23,North,Healthcare,Paid Search,7,Active
89,259,Carter Group,2025-08-07,North,Manufacturing,Webinar,3,Active
90,267,Waters-Peters,2025-04-28,South,Retail,Paid Search,2,Active
91,273,"Carter, Cook and Whitaker",2025-10-26,South,Retail,Webinar,10,Active
92,275,"Lambert, Barton and Taylor",2026-01-01,North,Manufacturing,Webinar,7,Active
93,276,"Haas, Crawford and Fry",2025-10-11,West,Finance,LinkedIn Ads,8,Active
94,282,"Smith, Friedman and Perry",2025-01-12,East,Education,Organic Search,11,Active
95,286,Kirk Ltd,2025-12-07,North,Finance,Organic Search,3,Inactive
96,287,Burgess-Ramos,2025-03-08,North,Finance,Organic Search,3,Active
97,292,Atkins Inc,2024-03-24,North,Education,Organic Search,7,Active
98,295,Pittman-Wagner,2025-04-07,East,Manufacturing,LinkedIn Ads,9,Active
99,299,Miller PLC,2024-09-26,North,Healthcare,Referral,4,Active
100,303,Ray Group,2025-11-06,North,Healthcare,Webinar,3,Active
101,305,Bond-Krueger,2024-08-20,North,Technology,Webinar,1,Active
102,307,Stewart LLC,2024-07-01,East,Technology,Organic Search,11,Active
103,310,"Warren, Morgan and Moore",2025-12-09,North,Retail,Paid Search,3,Active
104,318,Williams-Johns,2025-06-18,West,Education,LinkedIn Ads,8,Active
105,327,Galloway-Kelly,2025-01-26,North,Education,Referral,3,Active
106,334,Warren-Cruz,2025-01-20,South,Education,LinkedIn Ads,12,Active
107,338,Ramos-Lewis,2025-07-27,North,Finance,Organic Search,1,Inactive
108,339,"Sparks, Johnson and Harrell",2024-08-28,North,Technology,Organic Search,4,Active
109,347,Hahn-Young,2024-06-24,South,Manufacturing,Referral,12,Active
110,348,Fields-Booth,2025-09-02,East,Healthcare,Organic Search,11,Churned
111,349,Perkins-Lee,2024-06-29,East,Healthcare,Webinar,9,Active
112,351,Williams and Sons,2025-10-09,West,Finance,Webinar,8,Active
113,354,Herrera-Elliott,2025-07-24,North,Healthcare,Webinar,7,Active
114,358,Thompson Ltd,2025-06-24,South,Retail,LinkedIn Ads,2,Active
115,360,"Allen, Collier and Jones",2025-08-25,East,Finance,Webinar,9,Inactive
116,361,Harper PLC,2025-02-25,South,Healthcare,Organic Search,12,Active
117,362,Thomas LLC,2024-03-05,North,Healthcare,Paid Search,5,Active
118,363,Webb LLC,2025-08-23,North,Education,Paid Search,5,Inactive
119,372,Ball-Norman,2025-11-07,South,Retail,Referral,6,Active
120,374,"Sawyer, Johnson and Nguyen",2024-07-17,South,Manufacturing,LinkedIn Ads,12,Inactive
121,376,Griffith-Brown,2025-05-21,South,Technology,Webinar,10,Active
122,382,"Jackson, Graham and Dixon",2025-05-04,South,Healthcare,Webinar,12,Active
123,384,Gates-Jones,2025-09-21,East,Education,Organic Search,9,Churned
124,387,"Briggs, Barton and Watts",2024-07-24,South,Education,Organic Search,12,Churned
125,393,Contreras Inc,2025-02-28,North,Manufacturing,Organic Search,7,Active
126,394,Haley-Mosley,2024-04-03,South,Manufacturing,Organic Search,10,Active
127,397,Velez LLC,2024-06-26,East,Technology,Paid Search,11,Active
128,401,"Robertson, Jordan and Wood",2025-02-13,North,Finance,Paid Search,3,Churned
129,405,Martinez-Adkins,2024-09-15,South,Education,LinkedIn Ads,12,Churned
130,407,Kennedy and Sons,2024-11-03,East,Healthcare,Paid Search,9,Active
131,408,Gallegos and Sons,2025-08-04,South,Technology,Paid Search,2,Active
132,410,"Taylor, Walters and Shah",2025-10-11,South,Retail,Webinar,10,Active
133,411,Phillips-Petersen,2025-12-15,North,Retail,Paid Search,1,Active
134,413,Williams-Herring,2025-04-24,East,Manufacturing,Webinar,9,Active
135,417,Walton-Nicholson,2025-06-30,North,Retail,Webinar,4,Active
136,419,Burns-Smith,2025-11-28,South,Finance,Paid Search,12,Inactive
137,427,Jarvis-Watts,2024-04-22,North,Manufacturing,Referral,3,Active
138,429,"Burns, Lewis and George",2026-01-08,North,Manufacturing,LinkedIn Ads,4,Active
139,430,Pena-Turner,2025-04-10,North,Healthcare,LinkedIn Ads,1,Active
140,432,Lee-Mccarty,2025-10-14,South,Healthcare,Paid Search,6,Active
141,437,"Carey, Anthony and Cobb",2024-09-22,South,Finance,Referral,6,Inactive
142,438,Robertson-Andrade,2024-01-13,North,Retail,Paid Search,7,Active
143,444,Howell LLC,2024-02-14,East,Healthcare,Paid Search,9,Active
144,445,Smith-Hartman,2024-09-10,North,Manufacturing,LinkedIn Ads,4,Active
145,448,Boyer-Miller,2024-07-23,North,Manufacturing,Referral,5,Inactive
146,450,Travis Inc,2024-03-27,East,Education,Webinar,9,Churned
147,471,Lutz-Lindsey,2025-02-02,North,Healthcare,Organic Search,4,Active
148,474,May Inc,2024-08-12,South,Education,Paid Search,2,Inactive
149,481,Lyons-Simmons,2024-10-28,North,Retail,Paid Search,5,Inactive
150,482,Smith PLC,2024-07-02,South,Technology,Organic Search,12,Active
151,486,Hughes Group,2025-09-23,South,Healthcare,LinkedIn Ads,6,Active
152,488,Patterson-Chase,2025-08-02,South,Education,LinkedIn Ads,12,Inactive
153,494,Herrera Ltd,2025-07-26,South,Retail,Organic Search,2,Active
154,496,Brown-Brown,2025-06-21,North,Healthcare,Paid Search,4,Inactive
155,503,"Lopez, Weaver and Ward",2024-11-06,North,Technology,Paid Search,7,Inactive
156,504,"Walls, Dunn and Johns",2025-10-21,East,Education,Organic Search,11,Active
157,506,Moore Group,2024-09-10,East,Manufacturing,Referral,11,Active
158,511,"Valentine, Gilbert and Schwartz",2024-06-21,North,Technology,LinkedIn Ads,3,Active
159,518,"Huber, Rivers and Aguilar",2024-12-20,South,Healthcare,Organic Search,12,Active
160,521,"Hill, Simpson and Kelley",2025-05-25,South,Manufacturing,Webinar,12,Active
161,529,Bishop-Hawkins,2025-02-28,North,Finance,Webinar,7,Active
162,537,West LLC,2025-06-27,North,Finance,LinkedIn Ads,4,Active
163,540,Rhodes and Sons,2024-03-03,South,Finance,Webinar,12,Inactive
164,542,Smith Group,2025-09-06,East,Technology,Webinar,11,Active
165,543,"Harvey, Gibson and Hayden",2025-10-15,South,Education,Webinar,10,Churned
166,544,Reynolds Inc,2025-12-23,West,Technology,Webinar,8,Active
167,545,"Mckee, Reid and Munoz",2024-08-01,East,Finance,LinkedIn Ads,11,Active
168,546,"Mueller, Robinson and Sweeney",2024-07-05,West,Retail,Paid Search,8,Active
169,547,Davis-Reeves,2025-06-13,West,Education,Paid Search,8,Active
170,554,"King, Dennis and Henderson",2024-11-26,North,Manufacturing,LinkedIn Ads,3,Active
171,555,Pierce-Odonnell,2026-01-20,North,Finance,Referral,3,Active
172,558,Wilson-Martinez,2025-02-18,South,Education,LinkedIn Ads,2,Active
173,561,Garcia-Jenkins,2025-06-15,North,Technology,Webinar,4,Active
174,562,"Evans, Dunn and Mcbride",2025-09-02,North,Retail,Organic Search,4,Inactive
175,577,Orr Group,2025-06-26,North,Retail,LinkedIn Ads,4,Active
176,582,Lopez-Leonard,2025-10-18,South,Education,Referral,2,Active
177,583,Johnson and Sons,2025-07-20,North,Education,Paid Search,7,Active
178,587,Robertson LLC,2024-12-07,North,Technology,Webinar,4,Active
179,593,Norman-Price,2024-07-13,South,Technology,Paid Search,6,Active
180,595,"Bean, Ellis and Sharp",2025-12-22,North,Retail,Organic Search,4,Active
181,604,Morgan Group,2025-12-30,South,Manufacturing,Webinar,2,Active
182,616,"Murphy, Phillips and Carlson",2025-03-29,East,Retail,Webinar,11,Inactive
183,619,Thompson-Martinez,2025-09-26,North,Healthcare,Webinar,7,Inactive
184,620,Boyd-Bates,2024-08-12,North,Technology,Organic Search,4,Churned
185,621,Garcia-Johnson,2025-05-08,South,Manufacturing,Paid Search,6,Churned
186,631,Jones-Vasquez,2025-01-30,South,Finance,Referral,10,Active
187,646,Roberts LLC,2025-01-04,North,Education,Webinar,3,Active
188,649,Singh Inc,2024-05-15,South,Manufacturing,LinkedIn Ads,2,Active
189,654,Morton Ltd,2024-09-28,South,Retail,Referral,10,Inactive
190,656,"Miller, Hughes and Ware",2024-10-20,South,Education,Paid Search,12,Active
191,660,Finley-Pearson,2024-03-17,North,Healthcare,Organic Search,5,Active
192,661,Turner Ltd,2024-04-01,West,Education,Webinar,8,Active
193,664,Cortez-Fletcher,2024-04-05,South,Manufacturing,LinkedIn Ads,6,Active
194,666,Campbell and Sons,2025-07-17,West,Healthcare,Webinar,8,Churned
195,671,Moreno Inc,2024-10-20,East,Finance,Organic Search,11,Inactive
196,672,Bryant-Donaldson,2024-03-26,South,Education,Referral,10,Churned
197,675,Davis LLC,2025-10-31,South,Healthcare,Referral,6,Active
198,678,"Rose, Carson and Adams",2025-06-26,South,Manufacturing,Organic Search,2,Active
199,684,Watkins-Torres,2024-06-26,South,Manufacturing,Organic Search,12,Active
200,686,"Williamson, Owens and Johnson",2025-08-23,West,Education,Organic Search,8,Active
201,687,"Krueger, Douglas and Chavez",2024-12-30,East,Manufacturing,Paid Search,11,Inactive
202,690,"Young, Mcdaniel and Ayala",2024-12-27,North,Technology,LinkedIn Ads,4,Active
203,695,Hudson-Richardson,2024-04-20,East,Finance,LinkedIn Ads,9,Inactive
204,696,Lewis-Mcdowell,2026-01-09,West,Finance,Referral,8,Churned
205,702,Robinson Group,2025-04-05,North,Healthcare,Webinar,1,Active
206,713,Olson-Black,2024-12-14,East,Education,LinkedIn Ads,9,Churned
207,716,Carpenter and Sons,2025-05-12,East,Education,Organic Search,9,Active
208,718,"Rodriguez, Freeman and Jones",2025-08-17,West,Finance,Paid Search,8,Active
209,719,Smith Inc,2024-11-10,East,Education,Organic Search,11,Active
210,732,"Myers, Wright and Cole",2025-12-11,North,Finance,Webinar,4,Active
211,735,Austin-Munoz,2026-01-05,East,Education,LinkedIn Ads,9,Active
212,737,King Group,2026-01-09,South,Finance,LinkedIn Ads,6,Churned
213,739,Mitchell-Daugherty,2024-05-26,North,Manufacturing,Organic Search,3,Active
214,744,"Simpson, Cohen and Bartlett",2024-02-11,North,Manufacturing,Organic Search,7,Active
215,745,Thompson-Jordan,2025-12-10,South,Manufacturing,LinkedIn Ads,12,Inactive
216,747,Howard-Lane,2025-08-19,West,Education,LinkedIn Ads,8,Active
217,748,Riddle-Jenkins,2025-03-18,East,Retail,Paid Search,9,Inactive
218,751,"Rodriguez, Reynolds and Gray",2024-02-08,North,Retail,Organic Search,7,Active
219,752,"Moore, Murphy and Mann",2025-12-26,North,Healthcare,Paid Search,3,Active
220,753,"Newman, Montes and Sawyer",2024-05-23,South,Technology,LinkedIn Ads,2,Inactive
221,756,Michael Group,2025-11-27,North,Education,Paid Search,1,Active
222,757,Olson Ltd,2025-03-14,West,Finance,Organic Search,8,Active
223,767,Johnson-Anderson,2024-03-10,North,Healthcare,Paid Search,5,Churned
224,769,Burke PLC,2025-06-18,South,Education,Organic Search,12,Active
225,770,Reyes and Sons,2025-03-27,North,Education,Webinar,3,Active
226,774,Barker-Chang,2025-05-26,South,Healthcare,LinkedIn Ads,10,Inactive
227,776,"Daniels, Smith and Brown",2025-08-12,North,Healthcare,LinkedIn Ads,4,Active
228,778,"Mcdonald, Norman and Williams",2025-12-13,North,Finance,Paid Search,5,Inactive
229,780,Gonzalez Inc,2024-05-10,South,Retail,Paid Search,2,Inactive
230,781,Coffey-Wilson,2025-09-22,North,Manufacturing,Referral,7,Active
231,783,Turner and Sons,2024-08-07,East,Healthcare,Webinar,9,Active
232,788,Smith-Morris,2024-11-16,West,Retail,LinkedIn Ads,8,Active
233,795,"Harrell, Williams and Jones",2024-02-07,North,Manufacturing,Webinar,3,Active
234,796,"Osborne, Moran and Hunt",2025-05-16,North,Manufacturing,Webinar,5,Active
235,797,Collins and Sons,2024-04-18,South,Education,LinkedIn Ads,6,Active
236,798,Holmes-Garcia,2025-04-14,North,Education,Webinar,5,Active
237,801,Mitchell-Jones,2026-01-05,South,Healthcare,Paid Search,12,Active
238,802,Lee LLC,2025-11-06,East,Education,Webinar,11,Active
239,806,"Stevens, Martinez and Ferguson",2024-07-20,North,Finance,Webinar,3,Churned
240,809,"Thompson, Edwards and Wilson",2025-03-20,North,Manufacturing,Paid Search,3,Active
241,810,Adams Group,2025-03-27,North,Manufacturing,LinkedIn Ads,1,Inactive
242,817,"Hartman, Little and Meyer",2025-03-09,South,Retail,LinkedIn Ads,10,Inactive
243,821,Hendricks and Sons,2025-03-31,North,Education,LinkedIn Ads,1,Active
244,822,Newman-Preston,2024-04-22,North,Retail,LinkedIn Ads,4,Inactive
245,823,Klein Inc,2025-10-04,South,Finance,LinkedIn Ads,2,Active
246,824,"Hamilton, Wood and Irwin",2024-12-08,South,Retail,Referral,2,Active
247,827,"Turner, Baker and Smith",2025-11-28,North,Retail,Paid Search,1,Churned
248,837,"Case, Thomas and Adams",2025-03-04,South,Education,Webinar,12,Active
249,842,Mcdowell Group,2025-12-28,South,Finance,Organic Search,10,Active
250,845,"Chavez, Galvan and Stewart",2024-12-20,North,Manufacturing,Webinar,4,Active
251,846,"Smith, Foster and Norton",2024-05-12,North,Retail,Referral,1,Active
252,850,Sharp-Beltran,2024-06-11,South,Healthcare,Referral,2,Inactive
253,854,"Holt, Cooper and Phillips",2025-07-07,South,Retail,Referral,2,Churned
254,865,Morales LLC,2025-05-14,North,Finance,LinkedIn Ads,7,Active
255,866,Moss-Gonzalez,2024-04-05,South,Healthcare,Webinar,10,Churned
256,867,Stewart LLC,2024-08-08,South,Finance,LinkedIn Ads,2,Active
257,868,"Valdez, Edwards and Day",2024-10-07,East,Technology,LinkedIn Ads,9,Active
258,869,"Brown, Ellison and Mullins",2024-08-20,West,Technology,Webinar,8,Active
259,874,Beasley Inc,2025-03-20,North,Healthcare,Webinar,1,Active
260,878,Smith and Sons,2025-11-25,South,Healthcare,Webinar,12,Inactive
261,881,Clarke PLC,2026-01-02,South,Finance,Webinar,12,Active
262,883,Flynn LLC,2024-06-08,East,Technology,Webinar,9,Active
263,885,Jones-Patel,2024-12-23,West,Technology,Organic Search,8,Active
264,891,Douglas-Mitchell,2024-11-04,West,Retail,LinkedIn Ads,8,Active
265,892,"Marsh, Williamson and Phillips",2025-03-03,South,Technology,Referral,2,Active
266,899,Marshall-Tran,2024-12-12,North,Education,Paid Search,5,Inactive
267,904,Thompson PLC,2025-10-25,South,Retail,LinkedIn Ads,12,Inactive
268,909,Vang Group,2025-03-03,North,Finance,Paid Search,7,Active
269,910,"Hunter, Nguyen and Stewart",2025-08-21,South,Finance,Referral,2,Inactive
270,914,King-Patrick,2025-01-31,North,Retail,Organic Search,5,Active
271,916,White-Flores,2025-07-10,North,Manufacturing,Webinar,4,Active
272,917,Johns-Simon,2024-09-06,North,Education,Paid Search,3,Active
273,921,Russell-Diaz,2024-06-24,North,Retail,Organic Search,5,Active
274,928,"Williams, Adams and Ramsey",2024-05-24,East,Finance,Webinar,11,Active
275,929,White Group,2025-02-26,South,Manufacturing,Webinar,10,Active
276,935,Jackson-Clark,2025-02-11,South,Manufacturing,LinkedIn Ads,2,Active
277,939,"Berry, Huber and Douglas",2025-10-22,North,Education,Webinar,5,Churned
278,946,"Davis, Odom and Williams",2024-08-02,South,Education,Webinar,12,Inactive
279,948,"Clark, Thomas and Barber",2025-08-18,East,Manufacturing,Organic Search,11,Active
280,959,"Burgess, Molina and Gonzalez",2025-08-05,South,Retail,Webinar,6,Churned
281,962,"Coleman, Brown and Fitzgerald",2024-05-02,West,Retail,Webinar,8,Inactive
282,967,"Strong, Tran and Gallegos",2024-08-24,South,Finance,Paid Search,6,Active
283,974,Harris-Ramsey,2025-09-09,North,Education,Webinar,7,Active
284,983,Smith Inc,2024-12-31,North,Technology,Webinar,7,Active
285,984,Powers-Nelson,2024-02-21,West,Technology,Webinar,8,Churned
286,985,Ruiz-Reed,2025-06-27,South,Healthcare,Webinar,6,Active
287,988,Schroeder PLC,2024-10-23,East,Finance,Webinar,11,Inactive
288,992,Morgan-Guerrero,2024-02-27,North,Finance,Webinar,1,Active
289,995,Garrett-Ayers,2024-10-25,South,Manufacturing,Referral,12,Active
290,1002,Myers-Franklin,2025-07-05,West,Healthcare,Organic Search,8,Active
291,1003,"Wilson, Park and Gilbert",2024-08-16,North,Retail,LinkedIn Ads,5,Active
292,1011,"Banks, Burns and Olson",2024-03-31,North,Technology,Organic Search,7,Active
293,1013,Jordan and Sons,2024-11-01,North,Technology,LinkedIn Ads,4,Active
294,1016,"Poole, Bishop and Floyd",2024-10-20,South,Finance,LinkedIn Ads,6,Active
295,1021,Ross PLC,2025-02-06,North,Technology,Webinar,4,Active
296,1024,Mason PLC,2024-12-09,North,Finance,Paid Search,5,Active
297,1030,Jones-Rivers,2025-09-14,North,Technology,LinkedIn Ads,1,Inactive
298,1031,Thompson-Little,2025-01-15,East,Retail,Organic Search,11,Active
299,1032,Brooks and Sons,2025-10-24,North,Manufacturing,LinkedIn Ads,1,Active
300,1038,Castaneda-Perez,2025-04-15,North,Finance,LinkedIn Ads,4,Active
301,1039,Fernandez PLC,2024-10-21,North,Education,LinkedIn Ads,4,Active
302,1045,"May, Thompson and Anderson",2025-08-23,South,Education,LinkedIn Ads,10,Inactive
303,1049,"Miller, Johnson and Valenzuela",2024-09-10,East,Retail,Organic Search,9,Active
304,1050,"Collins, Cole and Lopez",2024-07-16,North,Healthcare,Webinar,5,Active
305,1054,"Ibarra, Little and Beasley",2024-02-23,South,Technology,Paid Search,10,Inactive
306,1055,Harrison-Irwin,2024-02-12,South,Manufacturing,Paid Search,6,Inactive
307,1056,Nguyen LLC,2024-08-27,North,Finance,Webinar,5,Active
308,1060,"Blevins, Davis and Ruiz",2025-06-23,North,Manufacturing,Organic Search,3,Active
309,1064,Moore Ltd,2024-02-08,East,Retail,Paid Search,9,Active
310,1069,"Smith, Cook and Hawkins",2025-12-20,South,Education,Referral,6,Active
311,1074,Walker-Graves,2025-04-05,North,Healthcare,Paid Search,1,Active
312,1079,Evans-Haynes,2024-08-23,South,Education,Webinar,12,Inactive
313,1081,"Ortiz, Velazquez and Ward",2024-05-23,East,Manufacturing,Organic Search,9,Active
314,1086,Kelley-Peterson,2024-12-04,West,Manufacturing,Organic Search,8,Active
315,1087,Lawrence-Shields,2025-04-07,West,Healthcare,Organic Search,8,Active
316,1088,"Pineda, Arnold and Wilson",2024-02-21,South,Manufacturing,Paid Search,6,Active
317,1090,Myers LLC,2024-10-18,South,Healthcare,LinkedIn Ads,6,Active
318,1093,Burgess-Anderson,2025-03-31,South,Retail,LinkedIn Ads,10,Active
319,1094,Giles-Lopez,2024-05-27,North,Healthcare,Organic Search,5,Active
320,1097,Bowen and Sons,2025-02-21,East,Technology,LinkedIn Ads,11,Active
321,1098,Gray Ltd,2026-01-06,East,Manufacturing,Webinar,11,Inactive
322,1102,Evans-Kane,2025-09-10,South,Retail,Webinar,12,Inactive
323,1103,"Turner, Bowman and Daniel",2025-01-04,South,Manufacturing,Webinar,2,Active
324,1106,Harvey Inc,2025-03-14,North,Technology,Organic Search,3,Churned
325,1108,Hill LLC,2025-05-17,South,Retail,Webinar,6,Active
326,1110,"Jimenez, Greer and Fisher",2024-03-23,South,Technology,Webinar,10,Active
327,1113,"Johnson, Thomas and Jones",2024-04-26,East,Education,LinkedIn Ads,9,Active
328,1118,Jordan PLC,2024-08-02,North,Education,Referral,1,Active
329,1121,Sanchez-Jones,2025-06-10,North,Finance,LinkedIn Ads,5,Active
330,1123,Hogan Group,2024-01-24,West,Manufacturing,Paid Search,8,Active
331,1125,Barber PLC,2024-02-22,North,Education,Organic Search,7,Inactive
332,1128,"Beltran, Lopez and Arias",2025-05-04,South,Retail,LinkedIn Ads,6,Inactive
333,1129,Martin LLC,2024-05-10,South,Healthcare,Paid Search,2,Active
334,1130,"Johnson, Hamilton and Williams",2025-11-23,South,Education,Webinar,10,Active
335,1131,Bell-Mccormick,2025-11-10,North,Technology,Referral,1,Active
336,1134,Donovan Inc,2025-06-22,North,Retail,Organic Search,1,Active
337,1136,Powell Ltd,2025-02-12,North,Technology,Webinar,1,Active
338,1137,Yoder LLC,2025-06-20,South,Education,Organic Search,6,Active
339,1138,"Reyes, Moore and Rivas",2026-01-21,North,Finance,LinkedIn Ads,1,Active
340,1141,Salazar PLC,2024-12-08,North,Technology,Paid Search,5,Active
341,1142,"Yang, Young and Cruz",2026-01-21,South,Technology,LinkedIn Ads,10,Active
342,1147,"Foster, Morrow and Allen",2025-01-03,North,Technology,Paid Search,4,Active
343,1149,Smith-Mejia,2024-11-16,North,Education,Referral,7,Active
344,1151,"Woods, Boyd and Anderson",2024-04-08,South,Retail,Webinar,10,Active
345,1162,Calderon Inc,2025-11-18,South,Manufacturing,Referral,6,Active
346,1174,"Murray, Baker and Edwards",2024-04-08,North,Retail,Paid Search,5,Active
347,1176,Bray-Wright,2024-09-26,West,Manufacturing,Paid Search,8,Active
348,1178,Shaw PLC,2025-07-20,East,Technology,Organic Search,9,Active
349,1184,"Davis, Franklin and Douglas",2025-07-20,South,Finance,Paid Search,6,Active
350,1186,Gomez-King,2025-11-22,North,Technology,Webinar,7,Active
351,1188,Bryan PLC,2024-02-11,East,Retail,Webinar,11,Active
352,1189,Bullock Group,2025-11-02,East,Manufacturing,Paid Search,11,Active
353,1190,"Harris, Kennedy and Washington",2024-05-25,East,Manufacturing,LinkedIn Ads,9,Churned
354,1191,Mccann-Taylor,2025-12-01,North,Healthcare,Paid Search,7,Churned
355,1192,Bowers-King,2024-03-01,East,Finance,LinkedIn Ads,11,Active
356,1196,Jordan and Sons,2025-04-30,North,Education,Organic Search,5,Active
357,1198,Figueroa-Rich,2024-04-03,North,Technology,Paid Search,5,Churned
358,1199,Wilson and Sons,2026-01-08,North,Finance,LinkedIn Ads,4,Active
359,1203,Houston-Cummings,2024-07-20,South,Retail,Organic Search,6,Churned
360,1205,Robinson-Hanson,2024-11-17,East,Manufacturing,LinkedIn Ads,11,Churned
361,1208,"Andrews, Maldonado and Smith",2025-09-06,West,Technology,Organic Search,8,Active
362,1213,"Murphy, Montoya and Mccoy",2025-09-15,North,Technology,Organic Search,3,Active
363,1217,Sharp-Martinez,2025-12-25,South,Healthcare,LinkedIn Ads,10,Active
364,1223,Stone Ltd,2026-01-13,West,Education,Webinar,8,Active
365,1224,Burke-Thompson,2025-01-27,South,Manufacturing,Webinar,12,Inactive
366,1229,Clayton-Massey,2024-04-17,South,Healthcare,LinkedIn Ads,12,Active
367,1231,Rodriguez LLC,2025-03-01,South,Retail,Paid Search,2,Active
368,1233,"Anthony, Lane and Lawson",2025-12-09,East,Finance,Webinar,11,Active
369,1237,Simon-Reynolds,2024-10-04,East,Technology,Paid Search,9,Active
370,1248,"Ford, Martinez and Ellis",2025-12-03,North,Healthcare,Organic Search,3,Churned
371,1251,Payne LLC,2025-05-12,North,Healthcare,Organic Search,5,Active
372,1253,"Leonard, Perez and Baker",2025-07-21,North,Retail,Organic Search,1,Active
373,1262,Stewart LLC,2025-08-07,East,Manufacturing,Webinar,9,Active
374,1265,"Sanchez, Mendez and Alvarez",2024-09-14,North,Technology,Webinar,5,Inactive
375,1266,Olson PLC,2025-09-17,North,Retail,Webinar,5,Churned
376,1275,Baldwin Group,2025-04-14,South,Finance,Referral,6,Inactive
377,1277,Johnson LLC,2025-02-22,South,Manufacturing,Webinar,10,Active
378,1280,Evans PLC,2025-09-14,West,Education,Paid Search,8,Active
379,1286,"Le, Holland and Reilly",2025-04-23,East,Technology,Webinar,9,Active
380,1288,Porter-Wilson,2025-08-04,North,Education,LinkedIn Ads,5,Active
381,1289,"Hansen, Richard and Dillon",2025-01-21,East,Education,Webinar,11,Active
382,1291,"Vazquez, Fox and Perry",2024-06-09,East,Manufacturing,LinkedIn Ads,9,Active
383,1296,Schneider-Day,2024-04-08,South,Education,Webinar,10,Inactive
384,1299,"House, Huff and Washington",2025-03-12,East,Technology,Paid Search,9,Active
385,1304,Conrad PLC,2025-07-13,North,Technology,Webinar,4,Active
386,1307,Gonzalez-Brown,2025-03-26,South,Education,Webinar,12,Active
387,1310,Johnson Ltd,2025-09-04,North,Finance,Paid Search,5,Active
388,1312,Lloyd-Herman,2025-09-06,South,Retail,Organic Search,12,Active
389,1315,"Welch, Doyle and Green",2024-11-01,East,Technology,Organic Search,11,Churned
390,1317,Tanner and Sons,2025-06-19,East,Finance,LinkedIn Ads,9,Inactive
391,1320,Meyer Group,2025-11-13,North,Retail,LinkedIn Ads,5,Active
392,1324,"Wilson, Smith and Hernandez",2024-05-02,North,Retail,Paid Search,5,Churned
393,1327,"Watkins, Miranda and Mcdonald",2025-06-14,West,Retail,Webinar,8,Active
394,1329,Moran Group,2025-10-10,North,Healthcare,LinkedIn Ads,3,Active
395,1333,"Lucas, Morales and Walker",2025-09-16,East,Education,LinkedIn Ads,11,Inactive
396,1336,Petty-Watson,2025-08-19,West,Finance,Webinar,8,Active
397,1337,"Raymond, Gonzalez and Burton",2025-12-10,North,Education,Organic Search,7,Active
398,1341,Woods-Green,2024-07-16,North,Retail,LinkedIn Ads,4,Active
399,1344,Sandoval PLC,2026-01-01,North,Finance,Webinar,1,Active
400,1346,Moore-Cuevas,2025-09-13,North,Healthcare,Referral,4,Active
401,1348,Martinez-Gallagher,2024-06-18,North,Manufacturing,Webinar,1,Active
402,1349,Hill-Hammond,2025-05-06,South,Retail,Paid Search,12,Churned
403,1351,Bradford Ltd,2025-07-16,North,Education,Referral,3,Active
404,1354,Garcia-Carter,2024-09-14,East,Education,LinkedIn Ads,9,Inactive
405,1355,"Henderson, Tucker and Sanders",2024-05-21,North,Finance,Organic Search,1,Active
406,1359,Mclean-Bird,2025-09-21,North,Technology,Referral,4,Active
407,1361,Cooper-Wilson,2025-06-23,South,Education,Webinar,12,Active
408,1363,Myers-Miller,2024-06-28,North,Manufacturing,Referral,3,Inactive
409,1364,"Church, Carpenter and Howe",2025-04-19,North,Technology,Paid Search,4,Active
410,1366,"Payne, Vincent and Taylor",2024-12-16,South,Finance,Organic Search,12,Active
411,1368,Johnson Group,2025-02-10,North,Technology,Webinar,5,Active
412,1379,"Marshall, Bailey and King",2025-05-05,North,Technology,LinkedIn Ads,3,Active
413,1382,"Gonzalez, Williams and Medina",2025-10-20,South,Education,LinkedIn Ads,12,Inactive
414,1384,"Chan, Villanueva and Schmidt",2025-06-08,West,Healthcare,Webinar,8,Active
415,1389,Campbell Group,2024-02-01,East,Finance,Organic Search,9,Active
416,1390,Bradshaw-Ortiz,2024-09-29,East,Technology,Referral,9,Active
417,1393,Garcia Ltd,2025-02-15,North,Retail,LinkedIn Ads,4,Active
418,1394,Burns-Martin,2024-04-19,East,Retail,Paid Search,11,Inactive
419,1395,Richards-Sparks,2025-10-31,North,Manufacturing,Referral,7,Active
420,1396,Webb and Sons,2024-11-23,South,Technology,Referral,2,Churned
421,1407,Walker Group,2024-10-22,North,Healthcare,Paid Search,1,Active
422,1410,"Parsons, Williamson and Jones",2025-02-26,South,Education,Webinar,2,Active
423,1413,Keith Ltd,2025-03-06,South,Finance,Paid Search,6,Inactive
424,1414,"Thompson, Montgomery and Jones",2024-06-26,North,Healthcare,Organic Search,4,Active
425,1420,Ortiz-Miller,2024-03-22,North,Manufacturing,LinkedIn Ads,5,Active
426,1426,Mcintosh-Garcia,2025-08-27,East,Finance,Referral,11,Churned
427,1434,Turner-Smith,2024-12-09,North,Technology,LinkedIn Ads,5,Active
428,1436,"Scott, Anderson and Hansen",2025-02-16,North,Healthcare,Webinar,4,Active
429,1437,Obrien-Taylor,2025-01-28,South,Retail,Paid Search,12,Active
430,1438,"Robinson, Glover and Wheeler",2024-03-12,South,Technology,Webinar,10,Active
431,1440,"Zavala, Clark and Casey",2024-06-18,North,Finance,Webinar,1,Inactive
432,1450,Munoz LLC,2025-01-23,East,Healthcare,Paid Search,11,Inactive
433,1451,Stone Group,2024-10-22,East,Manufacturing,LinkedIn Ads,9,Churned
434,1455,"Evans, Kaiser and Hudson",2024-10-04,South,Retail,Organic Search,12,Active
435,1458,Adams Ltd,2025-04-01,North,Retail,Webinar,1,Active
436,1460,"Perez, Williams and Kelley",2024-06-20,North,Technology,Paid Search,1,Active
437,1475,"Weiss, Weaver and House",2024-12-05,South,Retail,Paid Search,6,Active
438,1479,Estrada and Sons,2025-01-26,East,Education,Organic Search,11,Inactive
439,1480,"Henry, Rodriguez and Meyer",2024-06-04,North,Retail,Paid Search,3,Active
440,1484,White PLC,2025-06-18,East,Retail,Paid Search,9,Active
441,1489,Fry and Sons,2024-03-30,East,Finance,LinkedIn Ads,11,Active
442,1494,Torres-Bender,2024-10-14,South,Education,Organic Search,6,Active
443,1497,Smith-Fuentes,2024-08-06,South,Technology,Webinar,2,Active
444,1498,Cardenas-Lawson,2024-02-11,South,Retail,Referral,6,Active
445,1499,"Johnson, Turner and George",2025-10-30,South,Education,Referral,6,Active
446,1503,Watts and Sons,2024-07-09,North,Finance,Webinar,1,Active
447,1507,Simmons LLC,2024-11-01,East,Technology,Paid Search,11,Churned
448,1508,Gill-Howard,2025-12-23,North,Healthcare,Paid Search,4,Active
449,1511,Diaz Ltd,2025-12-31,South,Healthcare,Webinar,6,Active
450,1521,Kramer LLC,2025-01-17,North,Finance,Webinar,4,Active
451,1525,Meza-Hodge,2025-01-15,South,Manufacturing,Paid Search,6,Active
452,1526,Miller-Rodriguez,2024-04-26,North,Technology,LinkedIn Ads,1,Active
453,1527,Doyle Ltd,2025-10-16,South,Education,Webinar,2,Active
454,1536,Howard LLC,2024-12-08,North,Education,Webinar,7,Churned
455,1538,"Fleming, Velasquez and Chen",2024-06-23,North,Healthcare,Webinar,4,Active
456,1540,Salazar and Sons,2024-10-27,North,Technology,Organic Search,1,Inactive
457,1543,Gilmore-Johns,2025-06-20,North,Education,Webinar,4,Inactive
458,1553,"Keller, Lin and Patton",2026-02-04,North,Technology,Webinar,7,Inactive
459,1554,Doyle LLC,2025-04-25,East,Healthcare,Referral,11,Active
460,1555,Bates Inc,2025-07-21,North,Manufacturing,Referral,4,Active
461,1558,"Hubbard, Vaughn and Le",2024-11-04,North,Education,Paid Search,7,Inactive
462,1561,Simpson and Sons,2024-04-15,North,Healthcare,Webinar,3,Active
463,1566,Parrish-Haynes,2026-01-24,North,Manufacturing,LinkedIn Ads,7,Inactive
464,1571,Alexander Group,2025-08-21,East,Retail,Webinar,11,Active
465,1572,Meyers LLC,2024-06-01,North,Manufacturing,Organic Search,1,Active
466,1574,Smith PLC,2024-11-03,North,Healthcare,Webinar,4,Churned
467,1575,Garcia-Burke,2024-08-22,South,Finance,LinkedIn Ads,10,Inactive
468,1577,"Taylor, Wilson and Gomez",2024-01-15,East,Education,Organic Search,9,Active
469,1579,Livingston-Rivera,2025-03-02,East,Technology,Organic Search,9,Active
470,1584,Terry-Miller,2025-09-24,South,Finance,LinkedIn Ads,10,Inactive
471,1585,"Yoder, Marshall and Jackson",2024-05-02,South,Education,Webinar,10,Active
472,1587,Jones Group,2026-01-23,South,Technology,Webinar,6,Active
473,1590,Rojas-Snow,2024-12-30,South,Education,LinkedIn Ads,6,Active
474,1591,Graves-Hogan,2025-03-28,East,Healthcare,Webinar,9,Active
475,1601,"Melton, Adams and Sweeney",2024-10-10,East,Retail,Organic Search,11,Active
476,1603,Underwood Inc,2024-09-09,North,Education,Webinar,5,Active
477,1606,Ford-Smith,2024-09-28,North,Finance,Referral,3,Active
478,1608,"Fleming, Snow and Payne",2025-12-08,South,Education,LinkedIn Ads,2,Active
479,1610,"Bowman, Stephens and Thompson",2024-12-19,North,Manufacturing,Referral,1,Churned
480,1611,Walker Group,2025-06-12,North,Manufacturing,Webinar,1,Active
481,1613,Wade-Jackson,2025-01-01,West,Education,Organic Search,8,Active
482,1616,Wells LLC,2026-01-10,East,Finance,LinkedIn Ads,11,Active
483,1620,"Thomas, Wolfe and Malone",2024-12-01,North,Finance,Organic Search,3,Active
484,1624,Romero Inc,2024-03-03,South,Healthcare,Organic Search,2,Inactive
485,1627,Estrada Inc,2024-12-28,South,Retail,Referral,12,Inactive
486,1632,"Andrews, Chang and Fischer",2025-07-24,South,Manufacturing,Webinar,6,Active
487,1633,Schmitt and Sons,2024-02-25,North,Finance,Organic Search,3,Inactive
488,1634,"Sellers, Davis and Daniels",2024-08-23,East,Retail,LinkedIn Ads,9,Active
489,1641,Dunlap and Sons,2025-10-24,North,Technology,Webinar,5,Active
490,1644,Hernandez PLC,2025-03-02,South,Technology,LinkedIn Ads,6,Active
491,1645,Morales-Ramos,2025-11-14,South,Manufacturing,Webinar,12,Inactive
492,1647,"Johns, Hall and Gamble",2026-01-26,North,Technology,Referral,7,Active
493,1650,Bray PLC,2026-01-10,North,Education,Referral,3,Active
494,1653,"Gates, Livingston and Lee",2024-12-16,East,Finance,Referral,11,Active
495,1656,Foster-Mcdonald,2024-12-28,South,Retail,LinkedIn Ads,12,Churned
496,1658,Lopez-Salazar,2025-01-04,West,Healthcare,LinkedIn Ads,8,Churned
497,1661,Murphy-Schroeder,2025-05-30,South,Finance,Webinar,12,Active
498,1662,Hunter-Phillips,2026-01-18,South,Education,Organic Search,6,Active
499,1666,"Wells, Wagner and Frost",2024-12-28,West,Education,LinkedIn Ads,8,Active
500,1668,Ward-Baxter,2024-05-09,North,Technology,Organic Search,7,Active
501,1669,Bradley-Hernandez,2024-12-30,South,Manufacturing,Organic Search,2,Active
502,1671,Johnson-Sims,2025-10-20,West,Retail,LinkedIn Ads,8,Active
503,1673,Rice-White,2025-10-20,North,Retail,Organic Search,4,Active
504,1674,"Rose, Smith and Powell",2025-12-10,North,Finance,Organic Search,3,Active
505,1675,"Williams, Dean and Wiggins",2025-12-16,East,Education,LinkedIn Ads,9,Inactive
506,1676,Anderson Inc,2024-04-11,West,Technology,Webinar,8,Active
507,1677,James LLC,2025-04-01,North,Finance,Webinar,5,Active
508,1679,"Wolf, Flores and Simmons",2025-12-31,West,Finance,Webinar,8,Active
509,1680,Fernandez and Sons,2024-10-27,North,Retail,LinkedIn Ads,1,Active
510,1695,Smith Inc,2025-07-22,South,Healthcare,Organic Search,12,Active
511,1703,Roman Inc,2025-07-07,East,Education,Webinar,9,Active
512,1709,Rivera-Guzman,2024-11-23,North,Technology,LinkedIn Ads,5,Active
513,1711,"Farley, Singh and Barnes",2024-03-22,South,Finance,Webinar,2,Active
514,1713,"Harris, Smith and Henderson",2024-02-18,West,Technology,LinkedIn Ads,8,Active
515,1714,Kennedy LLC,2025-09-17,East,Manufacturing,LinkedIn Ads,11,Active
516,1715,Blevins Inc,2025-02-16,West,Finance,Webinar,8,Active
517,1718,"Brandt, Estrada and Zuniga",2024-07-21,East,Education,Webinar,9,Active
518,1724,"Cox, Kennedy and Perez",2025-02-10,North,Education,Paid Search,7,Active
519,1742,"Thomas, Bell and Torres",2024-08-01,North,Manufacturing,LinkedIn Ads,3,Active
520,1746,"Bean, Nguyen and Hernandez",2024-07-03,South,Finance,Referral,12,Active
521,1756,Horn-Sanchez,2026-01-24,North,Education,LinkedIn Ads,7,Inactive
522,1760,Cardenas-Moore,2024-05-18,East,Finance,Paid Search,11,Inactive
523,1763,Parker-Smith,2024-04-09,West,Finance,Paid Search,8,Active
524,1766,Maddox PLC,2024-05-17,South,Finance,LinkedIn Ads,6,Active
525,1767,Lee Ltd,2024-04-10,North,Education,LinkedIn Ads,7,Inactive
526,1774,Parker Inc,2024-06-14,East,Retail,Webinar,9,Active
527,1775,"Rich, Perez and Silva",2024-03-18,South,Education,Organic Search,12,Active
528,1778,Alvarez LLC,2024-08-02,East,Finance,Paid Search,9,Active
529,1779,"Gonzalez, Martin and Davenport",2025-04-19,North,Technology,Webinar,7,Active
530,1782,Hall Inc,2025-01-08,East,Manufacturing,Webinar,9,Inactive
531,1789,Lewis Group,2024-05-03,North,Manufacturing,Webinar,3,Active
532,1792,Contreras Group,2025-12-29,North,Finance,Webinar,4,Active
533,1793,"Rose, Chandler and Chang",2025-12-31,South,Education,Paid Search,6,Active
534,1800,Anderson Ltd,2025-10-16,South,Technology,Organic Search,12,Active
535,1801,Thomas-Watkins,2024-09-23,South,Manufacturing,Webinar,2,Active
536,1805,Burton-Carlson,2025-11-05,East,Retail,Webinar,9,Inactive
537,1808,Richards-Lewis,2024-07-07,South,Education,Webinar,2,Active
538,1811,Harmon Group,2025-12-13,South,Retail,Organic Search,2,Active
539,1814,Martin Ltd,2025-06-03,North,Healthcare,Webinar,3,Active
540,1816,"Lang, Herrera and Avery",2024-07-19,West,Retail,Webinar,8,Inactive
541,1823,"Rosario, Oneill and Johnson",2024-05-09,North,Technology,Paid Search,7,Active
542,1824,Bell Group,2024-09-22,North,Education,Webinar,1,Churned
543,1830,Weaver Ltd,2025-06-14,North,Manufacturing,Webinar,7,Active
544,1832,Mckee-Cochran,2024-02-20,North,Education,Organic Search,7,Active
545,1837,Hopkins-Robinson,2026-01-15,South,Finance,Webinar,6,Active
546,1842,"Green, Kelley and Griffin",2024-09-03,South,Healthcare,Webinar,6,Active
547,1844,"Page, Johnson and Wilson",2025-12-19,North,Healthcare,LinkedIn Ads,3,Active
548,1852,"Payne, Washington and Curry",2026-01-03,North,Healthcare,Paid Search,4,Churned
549,1854,"Conrad, Daniels and Gilbert",2025-08-04,North,Education,LinkedIn Ads,5,Active
550,1855,Murphy-Gordon,2026-01-04,South,Finance,Organic Search,10,Active
551,1857,Payne Inc,2024-08-16,North,Education,Organic Search,7,Active
552,1858,Mullins-Horn,2024-04-07,South,Retail,Webinar,10,Active
553,1865,"Smith, Long and Green",2024-09-02,North,Technology,LinkedIn Ads,7,Active
554,1867,Walker Inc,2025-11-19,East,Education,Paid Search,11,Inactive
555,1868,"Henry, Wallace and Wood",2025-12-15,South,Technology,Webinar,12,Active
556,1870,Stevens-Johnson,2024-07-19,North,Retail,LinkedIn Ads,3,Active
557,1873,"Gonzales, Barnes and Ortiz",2024-07-02,East,Finance,LinkedIn Ads,11,Active
558,1874,Atkins-Mcknight,2024-08-11,North,Manufacturing,Paid Search,4,Active
559,1878,Mason and Sons,2025-12-23,East,Finance,Webinar,9,Active
560,1881,Villarreal Ltd,2025-05-29,North,Education,LinkedIn Ads,7,Churned
561,1883,"Warner, Bishop and Hill",2025-06-30,North,Manufacturing,Paid Search,5,Active
562,1884,Randall Group,2025-06-08,South,Technology,Referral,10,Active
563,1885,Mason-Rodriguez,2024-06-13,South,Manufacturing,Referral,2,Active
564,1897,Scott-Ruiz,2024-12-31,North,Education,Referral,7,Inactive
565,1906,Barnes-Spence,2024-07-23,South,Finance,Organic Search,6,Active
566,1908,Sharp PLC,2024-11-22,East,Manufacturing,Webinar,9,Active
567,1914,"Turner, Tucker and Robinson",2024-04-09,North,Finance,Webinar,7,Churned
568,1916,Brown Ltd,2025-12-21,South,Manufacturing,LinkedIn Ads,12,Active
569,1919,Martinez and Sons,2024-12-21,South,Manufacturing,Webinar,12,Active
570,1925,Allen and Sons,2025-01-05,North,Manufacturing,Webinar,7,Active
571,1932,"Figueroa, Mcdonald and Brown",2026-02-05,North,Healthcare,Paid Search,4,Active
572,1934,Young Ltd,2024-02-02,North,Finance,Webinar,7,Active
573,1935,"Atkinson, Moore and Peterson",2024-06-19,North,Technology,LinkedIn Ads,3,Active
574,1937,Larson-Matthews,2024-05-10,South,Manufacturing,Referral,6,Active
575,1942,Cummings-Cooper,2025-06-15,South,Education,Paid Search,6,Active
576,1943,Hudson-Adams,2024-09-24,North,Finance,Paid Search,1,Active
577,1944,"Villegas, King and Shannon",2024-02-19,South,Healthcare,Webinar,12,Active
578,1948,"Reed, Lee and Salas",2024-07-05,North,Manufacturing,Webinar,1,Active
579,1950,Hansen Group,2025-09-14,North,Technology,Webinar,7,Active
580,1953,Palmer-Peters,2025-06-05,West,Education,Paid Search,8,Churned
581,1954,Evans Group,2025-12-29,South,Education,Webinar,10,Inactive
582,1955,White Ltd,2024-07-11,North,Education,Paid Search,7,Active
583,1959,"Hill, Gordon and Rose",2025-08-20,North,Healthcare,LinkedIn Ads,5,Active
584,1962,Stewart-Perez,2024-09-06,East,Finance,Webinar,9,Active
585,1966,Yoder and Sons,2025-11-22,East,Healthcare,Paid Search,9,Active
586,1968,Frazier PLC,2024-07-03,East,Retail,Webinar,11,Active
587,1970,Williamson and Sons,2024-09-25,South,Manufacturing,Webinar,10,Active
588,1971,Hendrix Group,2024-11-24,South,Technology,Webinar,6,Active
589,1976,Summers Inc,2024-09-22,North,Retail,Webinar,7,Active
590,1980,"Young, Stewart and Woodard",2025-10-01,North,Healthcare,Paid Search,1,Active
591,1981,Smith Inc,2025-07-17,South,Education,Webinar,10,Active
592,1983,"Santiago, Ward and West",2024-10-04,South,Technology,Paid Search,2,Active
593,1986,"Hernandez, Alexander and Johnson",2025-04-21,North,Healthcare,Webinar,5,Active
594,1989,"Chang, Rogers and Gonzales",2025-06-11,South,Technology,Webinar,12,Active
595,1990,"Burns, Smith and Fritz",2025-12-15,East,Technology,Organic Search,11,Active
596,1995,"Sanders, Bryant and Brown",2024-06-14,East,Finance,Organic Search,9,Active
597,1996,Davis-Perry,2024-02-02,South,Manufacturing,Organic Search,6,Active
598,2008,Hawkins and Sons,2025-07-03,North,Manufacturing,Webinar,5,Inactive
599,2009,"Butler, Woodward and Cabrera",2024-07-05,East,Finance,LinkedIn Ads,11,Active
600,2010,"Haynes, Mora and Boyd",2024-07-28,West,Healthcare,Referral,8,Churned
601,2018,"Garcia, Bullock and Harper",2024-08-13,West,Finance,Webinar,8,Active
602,2027,Murphy-Richardson,2024-08-09,North,Finance,LinkedIn Ads,1,Active
603,2029,"Gallagher, Lewis and Wagner",2024-09-05,North,Healthcare,Referral,5,Active
604,2034,Jones Inc,2025-11-17,North,Manufacturing,Webinar,3,Churned
605,2035,Holland-Thompson,2025-05-15,North,Healthcare,Organic Search,7,Active
606,2039,Rodriguez PLC,2024-05-20,South,Technology,Referral,12,Inactive
607,2040,"Taylor, Harris and Ayala",2024-10-21,North,Healthcare,Organic Search,3,Active
608,2045,"Alvarado, Morrison and Miller",2024-10-29,South,Healthcare,Paid Search,12,Active
609,2048,"Gregory, Burns and Curry",2024-10-30,North,Retail,Webinar,4,Active
610,2052,Miller LLC,2024-10-23,North,Finance,Webinar,7,Inactive
611,2054,Jordan LLC,2025-07-15,South,Education,Paid Search,2,Churned
612,2057,"Huffman, Rollins and Allen",2024-08-07,South,Retail,Webinar,10,Active
613,2059,"White, Shepard and Smith",2024-03-04,South,Healthcare,Paid Search,10,Active
614,2061,Andrews PLC,2024-05-10,South,Manufacturing,Paid Search,12,Active
615,2063,Weeks-Douglas,2025-08-11,North,Education,LinkedIn Ads,4,Active
616,2064,"Torres, Johnson and Oconnor",2024-03-25,North,Retail,Webinar,1,Active
617,2065,"Gutierrez, Meyer and Elliott",2025-04-25,West,Retail,Webinar,8,Active
618,2069,Sullivan-Stanley,2025-09-15,North,Finance,LinkedIn Ads,4,Active
619,2073,"Carr, Paul and Ross",2025-03-10,South,Technology,Paid Search,12,Active
620,2075,Henry-Thompson,2025-11-01,South,Healthcare,Paid Search,2,Active
621,2091,"Myers, Mercado and Solomon",2025-09-19,North,Healthcare,Paid Search,4,Active
622,2096,Schmidt-Moran,2025-03-08,South,Retail,Webinar,10,Active
623,2098,"Bell, Jackson and Cook",2025-06-22,North,Finance,Webinar,7,Active
624,2105,Martinez PLC,2025-05-23,North,Retail,LinkedIn Ads,4,Active
625,2108,"Woodard, Gibson and Gray",2024-02-12,South,Retail,Organic Search,2,Active
626,2114,Miller Inc,2024-10-13,South,Manufacturing,Organic Search,2,Active
627,2121,Watts Inc,2025-06-13,North,Finance,Organic Search,4,Active
628,2129,"Avila, Adams and Fleming",2025-02-21,East,Finance,Paid Search,11,Active
629,2135,"Rice, Bell and Villanueva",2024-04-13,South,Finance,Paid Search,12,Inactive
630,2145,Moore Inc,2025-05-24,North,Technology,Organic Search,7,Churned
631,2150,"Miller, Lopez and Pearson",2024-11-28,South,Education,Paid Search,6,Active
632,2153,Pratt-King,2024-11-06,North,Healthcare,Referral,1,Active
633,2158,"Campos, Castro and Martin",2026-01-11,North,Manufacturing,Paid Search,3,Active
634,2169,Potter-Salazar,2026-01-18,South,Education,Organic Search,6,Active
635,2170,Maxwell-Arnold,2025-09-14,East,Technology,LinkedIn Ads,11,Active
636,2175,Hansen and Sons,2024-10-06,North,Education,Organic Search,1,Active
637,2179,Reed-Hurst,2025-04-20,East,Retail,LinkedIn Ads,11,Active
638,2182,"Glass, Boyer and Hall",2025-03-22,West,Manufacturing,Organic Search,8,Active
639,2183,"Moreno, Garcia and Key",2025-02-07,North,Retail,Paid Search,1,Inactive
640,2186,Morrow-Dorsey,2024-07-04,South,Healthcare,Referral,2,Active
641,2189,Taylor-Berry,2025-01-31,North,Retail,LinkedIn Ads,7,Churned
642,2190,Morton and Sons,2024-03-18,South,Finance,Webinar,12,Churned
643,2193,Valentine-Gonzalez,2024-02-28,North,Technology,Organic Search,5,Inactive
644,2194,Sanchez Inc,2024-06-10,East,Technology,Organic Search,11,Active
645,2197,Coleman-Santiago,2025-09-25,North,Healthcare,Paid Search,4,Inactive
646,2198,"Shaffer, Hurley and Davis",2024-02-15,West,Retail,Organic Search,8,Active
647,2199,"Warren, Taylor and Gordon",2024-06-11,North,Finance,Referral,3,Active
648,2203,"Green, Figueroa and Jacobs",2025-03-25,East,Healthcare,Organic Search,11,Inactive
649,2204,King Ltd,2025-05-10,East,Technology,Webinar,9,Active
650,2208,Hamilton-Velasquez,2025-03-23,South,Education,Organic Search,10,Active
651,2209,Alvarez-Gomez,2025-06-29,South,Finance,Paid Search,12,Active
652,2229,Murphy and Sons,2024-10-02,North,Finance,Referral,7,Active
653,2230,Davis and Sons,2024-03-03,North,Healthcare,LinkedIn Ads,5,Inactive
654,2233,"Montgomery, Murray and Larsen",2025-09-11,East,Manufacturing,Paid Search,11,Active
655,2234,Lopez Ltd,2025-08-12,North,Retail,Webinar,3,Active
656,2238,Fields-Clark,2024-08-29,North,Finance,Organic Search,7,Inactive
657,2242,Watkins Ltd,2025-12-28,East,Technology,Paid Search,11,Active
658,2243,Roberts-Conner,2025-07-27,East,Finance,Webinar,11,Inactive
659,2244,"Ramirez, Macdonald and Drake",2025-06-25,North,Education,Referral,3,Active
660,2245,Williams-Smith,2025-03-10,North,Retail,Paid Search,3,Active
661,2254,"Griffin, Brewer and Obrien",2024-06-27,South,Education,Paid Search,6,Active
662,2255,Green PLC,2024-12-12,North,Retail,Organic Search,7,Active
663,2257,"Evans, Howell and Weiss",2024-04-19,East,Education,Webinar,9,Active
664,2260,Moore-Carter,2024-06-07,North,Technology,Paid Search,4,Churned
665,2261,"Evans, Smith and Roberts",2025-05-14,North,Manufacturing,Webinar,4,Active
666,2262,Peck and Sons,2024-07-02,South,Finance,Paid Search,2,Active
667,2268,"Blanchard, White and Harrison",2025-09-09,South,Manufacturing,Organic Search,2,Active
668,2270,Lindsey-Stein,2025-09-27,South,Technology,Webinar,12,Churned
669,2271,Vasquez-Mayer,2024-07-26,South,Technology,Webinar,2,Active
670,2272,"Baker, Hoffman and Perkins",2024-06-05,East,Technology,LinkedIn Ads,9,Active
671,2274,Pena-Flowers,2026-01-20,South,Technology,Webinar,2,Active
672,2275,"Robinson, Thompson and Hoffman",2024-05-04,South,Technology,Paid Search,12,Active
673,2276,Noble Ltd,2025-03-28,East,Education,Organic Search,11,Active
674,2281,Chambers Ltd,2024-06-15,South,Education,Organic Search,6,Active
675,2282,Gutierrez-Kirby,2024-04-03,West,Finance,Webinar,8,Active
676,2283,Collier-Maynard,2024-03-04,North,Finance,Referral,7,Churned
677,2286,"Sandoval, Marshall and Adams",2024-08-17,South,Technology,Paid Search,6,Active
678,2292,Williams-Miller,2024-10-03,East,Manufacturing,Paid Search,11,Active
679,2298,"Williams, Sims and Singh",2024-11-21,North,Retail,Paid Search,3,Active
680,2305,Wood Inc,2024-11-02,North,Retail,Webinar,3,Active
681,2309,Macdonald-Alvarado,2024-08-26,North,Technology,Webinar,5,Inactive
682,2320,"Shaw, Williamson and Terry",2024-04-14,East,Manufacturing,Organic Search,11,Active
683,2324,Anthony-Villanueva,2024-05-13,South,Technology,Paid Search,2,Active
684,2326,"Garrison, Roberts and Patterson",2025-08-22,West,Technology,Paid Search,8,Active
685,2331,Smith PLC,2025-10-16,South,Technology,Paid Search,2,Inactive
686,2333,"Lara, Horn and Johnson",2024-03-14,South,Finance,Webinar,2,Churned
687,2347,"Sanchez, Murphy and Greene",2025-04-29,North,Healthcare,Organic Search,5,Active
688,2349,"Allen, Melendez and Odom",2024-05-29,North,Education,LinkedIn Ads,3,Active
689,2350,"Gonzalez, Griffin and Riggs",2024-11-08,West,Education,LinkedIn Ads,8,Active
690,2352,Pham-Wilson,2024-11-29,North,Education,Webinar,7,Inactive
691,2354,Blair Group,2025-12-03,West,Education,Organic Search,8,Active
692,2355,Randall-Goodman,2025-05-13,South,Technology,Organic Search,2,Active
693,2359,Jones-Thompson,2025-09-12,East,Retail,Webinar,9,Active
694,2360,Anderson-Hernandez,2024-05-13,South,Finance,Organic Search,10,Active
695,2364,"Weeks, Flores and Williams",2025-11-25,East,Finance,LinkedIn Ads,11,Active
696,2365,Reed PLC,2025-08-21,North,Retail,Webinar,3,Active
697,2366,Jones-Lamb,2024-12-24,South,Finance,LinkedIn Ads,6,Inactive
698,2367,Dixon-Duncan,2024-01-30,North,Manufacturing,LinkedIn Ads,3,Active
699,2369,Cruz-Sanders,2025-04-12,South,Retail,Webinar,6,Active
700,2370,"Ibarra, Mcbride and Hammond",2024-08-05,North,Finance,Webinar,1,Active
701,2372,Chaney Inc,2025-09-15,West,Technology,Paid Search,8,Active
702,2383,"Sanders, Webb and Poole",2024-09-09,West,Manufacturing,LinkedIn Ads,8,Active
703,2384,Acosta-Huffman,2024-12-21,South,Retail,Webinar,6,Inactive
704,2386,Lee-Nelson,2024-02-10,South,Retail,Paid Search,6,Active
705,2387,Douglas-Ramos,2025-12-09,North,Healthcare,LinkedIn Ads,3,Active
706,2390,Anderson LLC,2025-03-25,East,Healthcare,LinkedIn Ads,11,Active
707,2391,Carlson Ltd,2024-06-08,East,Retail,Organic Search,11,Churned
708,2392,Washington-Garner,2024-08-07,North,Manufacturing,LinkedIn Ads,1,Active
709,2394,"Mason, Walker and Hartman",2024-02-21,South,Technology,LinkedIn Ads,12,Active
710,2396,Moore-Gutierrez,2024-10-09,South,Finance,LinkedIn Ads,2,Active
711,2398,Sullivan Ltd,2024-04-09,West,Manufacturing,Organic Search,8,Active
712,2401,Travis-Moore,2024-07-28,East,Finance,LinkedIn Ads,9,Active
713,2403,Monroe-Mayer,2024-10-13,North,Manufacturing,LinkedIn Ads,3,Active
714,2405,Oliver Inc,2025-04-28,South,Education,Organic Search,12,Active
715,2411,"Campbell, Stone and Ballard",2025-03-31,West,Education,Referral,8,Active
716,2412,Clark-Cooley,2025-02-11,South,Finance,Referral,12,Active
717,2415,Mitchell Inc,2024-11-25,West,Technology,Referral,8,Active
718,2420,Stafford-Wallace,2024-08-22,South,Retail,LinkedIn Ads,6,Active
719,2422,"Edwards, Gonzalez and Martin",2025-01-05,South,Education,Organic Search,10,Inactive
720,2423,"Harrison, Kennedy and Kelly",2025-09-11,North,Healthcare,Webinar,1,Active
721,2429,"Peterson, Johnson and Romero",2025-12-18,North,Education,Paid Search,1,Active
722,2432,Escobar-Contreras,2025-06-22,North,Finance,Paid Search,3,Active
723,2437,Romero-Ward,2025-11-16,South,Technology,Paid Search,6,Active
724,2454,Hunt Group,2024-04-05,East,Technology,Webinar,11,Active
725,2458,Stevenson Ltd,2025-12-23,North,Finance,Paid Search,7,Inactive
726,2459,"Gray, Martinez and West",2025-10-08,East,Retail,LinkedIn Ads,11,Active
727,2463,Ramos-Coleman,2024-10-15,North,Retail,Webinar,5,Active
728,2465,Berry-Schwartz,2026-01-17,North,Retail,Organic Search,3,Active
729,2472,"Petty, Edwards and Floyd",2025-03-21,North,Finance,Webinar,5,Active
730,2474,Lozano LLC,2025-04-27,South,Healthcare,Webinar,10,Active
731,2475,Stevenson-Chavez,2025-07-20,South,Manufacturing,Webinar,10,Active
732,2477,Martinez-Bradley,2024-06-26,West,Technology,LinkedIn Ads,8,Active
733,2478,Gray-Peterson,2024-07-07,North,Technology,Paid Search,7,Churned
734,2481,"Calderon, Miller and Simmons",2024-02-20,South,Technology,Organic Search,10,Inactive
735,2482,White Inc,2025-04-17,South,Manufacturing,Webinar,2,Churned
736,2483,Davis-Munoz,2025-11-18,North,Manufacturing,Organic Search,3,Inactive
737,2485,"Warner, Smith and Tanner",2025-10-13,North,Education,LinkedIn Ads,3,Inactive
738,2488,Huff PLC,2024-12-28,South,Manufacturing,Webinar,12,Active
739,2490,"Brock, Hernandez and Reynolds",2024-06-28,South,Healthcare,LinkedIn Ads,12,Active
740,2493,Sanchez LLC,2025-08-22,West,Education,Organic Search,8,Churned
741,2500,"Wyatt, Lee and Mccarthy",2024-05-09,North,Technology,Organic Search,4,Inactive
742,2507,Lopez-Berry,2025-09-12,West,Healthcare,Paid Search,8,Inactive
743,2508,"Edwards, Lambert and Johnson",2024-02-16,South,Healthcare,Paid Search,12,Active
744,2513,"Holt, Gray and Davis",2025-05-12,North,Finance,Webinar,7,Active
745,2516,"Moore, Parks and Shaffer",2024-09-30,South,Finance,Webinar,10,Active
746,2518,"Ellis, Perry and Higgins",2024-10-09,West,Manufacturing,Referral,8,Active
747,2519,Nguyen-Vang,2025-09-24,North,Technology,Paid Search,7,Churned
748,2528,Young Group,2024-11-08,South,Education,Paid Search,12,Active
749,2531,Preston-Estrada,2024-07-06,North,Education,Organic Search,5,Active
750,2538,"Frazier, Lawrence and Byrd",2024-02-15,North,Manufacturing,Webinar,5,Active
751,2551,Cuevas-Wade,2024-06-11,South,Manufacturing,Webinar,12,Active
752,2553,Rodriguez Ltd,2024-07-16,East,Retail,Organic Search,9,Active
753,2554,"Hoffman, Perez and Garcia",2024-09-22,South,Technology,Webinar,10,Active
754,2555,Farmer Inc,2025-11-15,South,Technology,LinkedIn Ads,12,Active
755,2556,Swanson LLC,2025-03-25,South,Manufacturing,Webinar,2,Active
756,2558,King-Robinson,2024-10-28,North,Manufacturing,Referral,1,Active
757,2563,"Taylor, Reyes and Crawford",2024-08-24,South,Technology,Paid Search,6,Churned
758,2572,Smith-Powell,2025-09-13,West,Healthcare,Organic Search,8,Churned
759,2575,"Hall, Montgomery and Sanders",2025-06-02,North,Technology,LinkedIn Ads,7,Inactive
760,2576,James-Parker,2024-12-29,South,Finance,Webinar,12,Active
761,2585,"Archer, Moore and Vaughn",2025-11-01,South,Healthcare,Webinar,12,Active
762,2591,Olson-Clarke,2025-06-20,West,Manufacturing,Webinar,8,Churned
763,2596,Hopkins LLC,2025-12-13,North,Healthcare,Webinar,7,Active
764,2597,Smith-Taylor,2024-03-10,North,Finance,LinkedIn Ads,5,Active
765,2604,Jones-Liu,2025-11-12,North,Technology,Organic Search,1,Churned
766,2607,Brown-Yates,2024-08-07,South,Healthcare,Paid Search,10,Inactive
767,2611,Calderon PLC,2024-12-07,North,Manufacturing,Webinar,7,Active
768,2619,"Ramos, Nelson and Willis",2025-05-15,South,Retail,LinkedIn Ads,10,Active
769,2622,Baker Group,2024-09-13,North,Healthcare,Webinar,5,Inactive
770,2623,Walsh Group,2025-06-19,South,Finance,Paid Search,6,Inactive
771,2627,Rose LLC,2024-11-15,West,Retail,Organic Search,8,Active
772,2629,"Kirby, Cummings and Morgan",2024-03-15,South,Manufacturing,Webinar,12,Inactive
773,2635,Daniels Ltd,2025-03-17,East,Retail,Referral,9,Active
774,2638,"Walker, Edwards and Perez",2025-01-18,South,Retail,Organic Search,10,Active
775,2640,"Richards, Fitzgerald and Hudson",2025-03-27,South,Manufacturing,Organic Search,2,Active
776,2641,"Mcgee, Smith and Lewis",2024-08-02,South,Education,Paid Search,12,Active
777,2648,Houston-Barrett,2025-10-05,North,Education,Paid Search,1,Active
778,2650,Knight-Reeves,2024-04-22,South,Manufacturing,Webinar,6,Active
779,2654,"Johnson, Wallace and Mendez",2026-02-02,North,Manufacturing,Paid Search,4,Active
780,2656,Mcclain and Sons,2025-10-18,North,Healthcare,Organic Search,4,Active
781,2657,Smith LLC,2025-04-09,South,Healthcare,LinkedIn Ads,12,Active
782,2658,Shannon Ltd,2024-06-15,North,Manufacturing,Paid Search,7,Active
783,2662,Duffy Group,2024-09-24,East,Technology,Paid Search,9,Active
784,2666,Pollard Ltd,2025-11-28,North,Retail,Paid Search,1,Active
785,2668,"Lee, Sanders and Clark",2025-10-01,South,Technology,LinkedIn Ads,2,Inactive
786,2669,"Carroll, Evans and Cook",2024-11-25,North,Technology,Organic Search,1,Active
787,2677,Perez-Williams,2025-04-03,South,Finance,Organic Search,12,Active
788,2682,Patton Inc,2024-06-28,North,Retail,LinkedIn Ads,7,Active
789,2684,Mckay-Parker,2024-04-29,North,Healthcare,Organic Search,5,Inactive
790,2685,"Tanner, Navarro and Robertson",2025-07-13,South,Finance,Organic Search,2,Active
791,2689,"Ramirez, Allen and Ferguson",2025-01-25,North,Manufacturing,Referral,5,Active
792,2699,Page PLC,2025-03-31,South,Healthcare,LinkedIn Ads,10,Active
793,2710,Clark Group,2024-07-14,East,Technology,Paid Search,9,Churned
794,2718,"Hale, Chapman and Brown",2025-07-26,North,Healthcare,LinkedIn Ads,3,Active
795,2719,Morales-Gutierrez,2025-10-05,South,Healthcare,Organic Search,2,Inactive
796,2725,Hall-Perkins,2024-07-10,South,Finance,Paid Search,2,Active
797,2726,Fowler-Dunn,2025-05-17,North,Finance,Organic Search,7,Active
798,2727,Mitchell-Rivera,2025-04-26,West,Technology,LinkedIn Ads,8,Inactive
799,2733,Burns-Morales,2024-07-22,South,Education,Paid Search,10,Active
800,2735,Sims Inc,2025-05-29,North,Manufacturing,Organic Search,1,Active
801,2739,"Pope, Davis and Rose",2025-12-16,North,Manufacturing,Webinar,1,Inactive
802,2744,Miller and Sons,2024-11-18,North,Finance,LinkedIn Ads,1,Active
803,2745,"Houston, Brooks and Hancock",2025-11-19,North,Retail,Webinar,5,Churned
804,2746,"Stokes, Crawford and Zimmerman",2026-01-27,South,Healthcare,Webinar,2,Active
805,2753,Washington-Calderon,2024-12-17,South,Healthcare,LinkedIn Ads,10,Active
806,2762,Spencer-Silva,2024-12-29,North,Finance,LinkedIn Ads,7,Churned
807,2772,Gonzalez-Cruz,2025-11-15,North,Education,Organic Search,4,Active
808,2779,Hoffman-Patel,2025-09-09,North,Education,Webinar,3,Churned
809,2782,Jackson-Taylor,2025-07-08,North,Manufacturing,Organic Search,5,Active
810,2786,"Walker, Hawkins and Morgan",2024-02-19,North,Finance,Webinar,7,Active
811,2787,"Johnston, Park and Page",2024-11-02,South,Healthcare,Webinar,12,Active
812,2791,"Gallegos, Ramirez and Roberts",2025-12-31,North,Finance,Referral,7,Active
813,2792,Alvarez Ltd,2025-03-06,East,Finance,Paid Search,9,Active
814,2793,Vasquez PLC,2024-04-10,South,Healthcare,Webinar,10,Inactive
815,2794,Jones and Sons,2024-09-01,West,Finance,Referral,8,Active
816,2798,"Weber, Walsh and Sanchez",2025-09-14,South,Education,Webinar,10,Active
817,2805,"Brown, Elliott and Sellers",2024-07-27,North,Manufacturing,Webinar,3,Active
818,2808,Rowe-Houston,2024-05-02,South,Retail,Referral,6,Active
819,2810,Best-Lynch,2024-06-02,East,Manufacturing,LinkedIn Ads,11,Inactive
820,2814,Smith-Velasquez,2024-12-19,North,Healthcare,Webinar,1,Active
821,2823,Allen-Hill,2025-12-21,North,Healthcare,LinkedIn Ads,3,Active
822,2826,Medina Inc,2024-05-18,South,Healthcare,Webinar,10,Inactive
823,2829,Gonzalez Inc,2024-06-07,South,Manufacturing,LinkedIn Ads,2,Churned
824,2830,Wilkins-Silva,2025-10-18,North,Finance,LinkedIn Ads,1,Active
825,2832,"Lowery, Whitaker and Rodriguez",2024-11-05,North,Manufacturing,Paid Search,1,Active
826,2833,"Williams, Walker and Scott",2024-01-22,North,Retail,Webinar,1,Active
827,2835,Zavala-Thomas,2025-05-24,South,Healthcare,LinkedIn Ads,2,Inactive
828,2838,Baird Ltd,2025-02-05,South,Education,Organic Search,2,Active
829,2839,Parker-Barnett,2025-05-13,North,Education,Webinar,1,Active
830,2844,"Schroeder, Porter and Le",2025-07-26,South,Manufacturing,Paid Search,10,Churned
831,2857,Daniel-Thomas,2024-06-14,North,Education,Webinar,5,Active
832,2858,"Adams, Ortiz and Porter",2025-06-27,South,Finance,Organic Search,12,Active
833,2859,"Sutton, Ryan and Dunn",2025-03-17,North,Education,LinkedIn Ads,1,Active
834,2860,"Gibson, Ward and White",2026-01-16,North,Healthcare,Paid Search,1,Inactive
835,2861,"Kramer, Mosley and Jensen",2024-03-15,South,Healthcare,Webinar,12,Active
836,2862,Caldwell Inc,2024-07-07,South,Healthcare,Organic Search,6,Active
837,2864,Rogers Inc,2026-01-18,North,Technology,Webinar,5,Active
838,2869,"Moore, Villanueva and Mullins",2025-09-16,East,Manufacturing,LinkedIn Ads,9,Active
839,2871,"Holt, Reed and Rodriguez",2025-02-25,North,Finance,LinkedIn Ads,4,Active
840,2880,Davis-Bailey,2025-02-08,North,Education,Webinar,5,Active
841,2883,Chambers Ltd,2025-03-22,North,Technology,LinkedIn Ads,7,Active
842,2884,Kent-Love,2025-06-09,North,Retail,LinkedIn Ads,5,Inactive
843,2885,"Wood, Gibson and Taylor",2025-10-04,North,Education,Referral,1,Churned
844,2887,"Perez, Johnson and Griffin",2024-04-19,West,Healthcare,Organic Search,8,Active
845,2888,Steele and Sons,2024-08-12,North,Manufacturing,Webinar,5,Active
846,2890,Mata-Graham,2025-10-15,North,Finance,LinkedIn Ads,7,Inactive
847,2903,Rodgers Ltd,2025-03-20,North,Manufacturing,Referral,1,Inactive
848,2908,Nguyen PLC,2025-12-26,North,Healthcare,Paid Search,4,Active
849,2910,Weaver-Carey,2025-03-11,North,Retail,Referral,3,Inactive
850,2912,Chambers Group,2025-05-15,North,Education,Webinar,5,Active
851,2926,Harris PLC,2024-07-23,South,Healthcare,LinkedIn Ads,6,Active
852,2931,Thompson PLC,2024-02-03,South,Technology,Webinar,10,Active
853,2932,Mitchell-Blair,2024-04-25,South,Technology,Webinar,2,Active
854,2935,Gay-Rosario,2025-06-30,South,Healthcare,Webinar,6,Active
855,2939,Holder-Smith,2025-03-18,East,Retail,Webinar,11,Churned
856,2945,Page LLC,2025-03-27,North,Finance,Webinar,7,Active
857,2947,Glass and Sons,2025-07-25,North,Technology,Paid Search,5,Active
858,2948,Avila-Wilson,2025-02-05,South,Manufacturing,Paid Search,6,Active
859,2950,Brown-Garza,2024-04-11,North,Healthcare,Organic Search,7,Active
860,2953,"Valentine, Fowler and Lloyd",2024-04-19,North,Technology,Webinar,5,Active
861,2954,"Rojas, Flynn and Russell",2024-03-07,North,Education,Referral,3,Inactive
862,2955,Espinoza Group,2024-08-29,South,Technology,Referral,12,Churned
863,2977,Farmer-French,2024-09-06,South,Retail,LinkedIn Ads,2,Active
864,2980,Melendez-Bowen,2024-06-24,North,Manufacturing,LinkedIn Ads,1,Active
865,2991,Jackson-Anthony,2025-10-13,East,Retail,Paid Search,11,Active
866,2996,"Bullock, Bush and Dominguez",2024-05-07,East,Retail,LinkedIn Ads,11,Active
867,2998,Shields and Sons,2026-01-18,North,Finance,Paid Search,4,Churned
868,2999,Wheeler PLC,2025-06-19,North,Education,LinkedIn Ads,3,Inactive
